{"cameraMode":{"drawMode":0,"name":"Shaded","section":"Shading Mode"},"sceneLighting":false,"audioPlay":false,"sceneViewState":{"showFog":true,"showMaterialUpdate":true,"showSkybox":true,"showFlares":true,"showImageEffects":true,"showParticleSystems":true,"showVisualEffectGraphs":true,"m_FxEnabled":false},"in2DMode":false,"pivot":{"x":37.025306701660159,"y":-101.18307495117188,"z":100.39016723632813},"rotation":{"x":-0.2955199182033539,"y":0.0014420067891478539,"z":-0.0004458139883354306,"w":-0.9553361535072327},"size":141.28541564941407,"orthographic":false}